Value,Response,Prior Living Situation (3.917),Current Living Situation (4.12),Destination (3.12)
16,"Place not meant for habitation (e.g., a vehicle, an abandoned building, bus/train/subway station/airport or anywhere outside)",X,X,X
1,"Emergency shelter, including hotel or motel paid for with emergency shelter voucher, or RHY-funded Host Home shelter",X,X,X
18,Safe Haven,X,X,X
15,Foster care home or foster care group home,X,X,X
6,Hospital or other residential non-psychiatric medical facility,X,X,X
7,"Jail, prison or juvenile detention facility",X,X,X
25,Long-term care facility or nursing home,X,X,X
4,"Psychiatric hospital or other psychiatricfacility",X,X,X
5,"Substance abuse treatment facility or detoxcenter",X,X,X
29,"Residential project or halfway house withno homeless criteria",X,X,X
14,"Hotel or motel paid for without emergencyshelter voucher",X,X,X
2,"Transitional housing for homeless persons(including homeless youth)",X,X,X
32,Host Home (non-crisis),X,X,X
13,"Staying or living with friends, temporarytenure (e.g. room apartment or house)",,,X
36,"Staying or living in a friend's room,apartment or house",X,X,
12,"Staying or living with family, temporarytenure (e.g. room, apartment or house)",,,X
22,"Staying or living with family, permanenttenure",,,X
35,"Staying or living in a family member's room,apartment or house",X,X,
23,"Staying or living with friends, permanenttenure",,,X
26,"Moved from one HOPWA funded project toHOPWA PH",,,X
27,"Moved from one HOPWA funded project toHOPWA TH",,,X
28,"Rental by client, with GPD TIP housingsubsidy",X,X,X
19,"Rental by client, with VASH housing subsidy",X,X,X
3,"Permanent housing (other than RRH) forformerly homeless persons",X,X,X
31,"Rental by client, with RRH or equivalentsubsidy",X,X,X
33,"Rental by client, with HCV voucher (tenantor project based)",X,X,X
34,Rental by client in a public housing unit,X,X,X
10,"Rental by client, no ongoing housing subsidy",X,X,X
20,"Rental by client, with other ongoing housingsubsidy",X,X,X
21,"Owned by client, with ongoing housingsubsidy",X,X,X
11,"Owned by client, no ongoing housingsubsidy",X,X,X
30,No exit interview completed,,,X
17,Other,,X,X
24,Deceased,,,X
37,Worker unable to determine,,X,
8,Client doesn't know,X,X,X
9,Client refused,X,X,X
99,Data not collected,X,X,X
