Value (Site Code),Text (Site Code / Facility Name)
402,"(402) Togus, ME"
405,"(405) White River Junction, VT"
436,(436) Montana HCS
437,"(437) Fargo, ND"
438,"(438) Sioux Falls, SD"
442,"(442) Cheyenne, WY"
459,"(459) Honolulu, HI"
460,"(460) Wilmington, DE"
463,"(463) Anchorage, AK"
501,(501) New Mexico HCS
502,"(502) Alexandria, LA"
503,"(503) Altoona, PA"
504,"(504) Amarillo, TX"
506,"(506) Ann Arbor, MI"
508,"(508) Atlanta, GA"
509,"(509) Augusta, GA"
512,"(512) Baltimore HCS, MD"
515,"(515) Battle Creek, MI"
516,"(516) Bay Pines, FL"
517,"(517) Beckley, WV"
518,"(518) Bedford, MA"
519,"(519) Big Spring, TX"
520,"(520) Gulf Coast HCS, MS"
521,"(521) Birmingham, AL"
523,"(523) VA Boston HCS, MA"
526,"(526) Bronx, NY"
528,"(528) Western New York, NY"
529,"(529) Butler, PA"
531,"(531) Boise, ID"
534,"(534) Charleston, SC"
537,"(537) Jesse Brown VAMC (Chicago), IL"
538,"(538) Chillicothe, OH"
539,"(539) Cincinnati, OH"
540,"(540) Clarksburg, WV"
541,"(541) Cleveland, OH"
542,"(542) Coatesville, PA"
544,"(544) Columbia, SC"
546,"(546) Miami, FL"
548,"(548) West Palm Beach, FL"
549,"(549) Dallas, TX"
550,"(550) Danville, IL"
552,"(552) Dayton, OH"
553,"(553) Detroit, MI"
554,"(554) Denver, CO"
556,(556) Captain James A Lovell FHCC
557,"(557) Dublin, GA"
558,"(558) Durham, NC"
561,"(561) New Jersey HCS, NJ"
562,"(562) Erie, PA"
564,"(564) Fayetteville, AR"
565,"(565) Fayetteville, NC"
568,"(568) Black Hills HCS, SD"
570,"(570) Fresno, CA"
573,"(573) Gainesville, FL"
575,"(575) Grand Junction, CO"
578,"(578) Hines, IL"
580,"(580) Houston, TX"
581,"(581) Huntington, WV"
583,"(583) Indianapolis, IN"
585,"(585) Iron Mountain, MI"
586,"(586) Jackson, MS"
589,"(589) Kansas City, MO"
590,"(590) Hampton, VA"
593,"(593) Las Vegas, NV"
595,"(595) Lebanon, PA"
596,"(596) Lexington, KY"
598,"(598) Little Rock, AR"
600,"(600) Long Beach, CA"
603,"(603) Louisville, KY"
605,"(605) Loma Linda, CA"
607,"(607) Madison, WI"
608,"(608) Manchester, NH"
610,"(610) Northern Indiana HCS, IN"
612,"(612) N. California, CA"
613,"(613) Martinsburg, WV"
614,"(614) Memphis, TN"
618,"(618) Minneapolis, MN"
619,"(619) Central Alabama Veterans HCS, AL"
620,"(620) VA Hudson Valley HCS, NY"
621,"(621) Mountain Home, TN"
623,"(623) Muskogee, OK"
626,"(626) Middle Tennessee HCS, TN"
629,"(629) New Orleans, LA"
630,"(630) New York Harbor HCS, NY"
631,(631) VA Central Western Massachusetts HCS
632,"(632) Northport, NY"
635,"(635) Oklahoma City, OK"
636,"(636) Nebraska-W Iowa, NE"
637,"(637) Asheville, NC"
640,"(640) Palo Alto, CA"
642,"(642) Philadelphia, PA"
644,"(644) Phoenix, AZ"
646,"(646) Pittsburgh, PA"
648,"(648) Portland, OR"
649,(649) Northern Arizona HCS
650,"(650) Providence, RI"
652,"(652) Richmond, VA"
653,"(653) Roseburg, OR"
654,"(654) Reno, NV"
655,"(655) Saginaw, MI"
656,"(656) St. Cloud, MN"
657,"(657) St. Louis, MO"
658,"(658) Salem, VA"
659,"(659) Salisbury, NC"
660,"(660) Salt Lake City, UT"
662,"(662) San Francisco, CA"
663,"(663) VA Puget Sound, WA"
664,"(664) San Diego, CA"
666,"(666) Sheridan, WY"
667,"(667) Shreveport, LA"
668,"(668) Spokane, WA"
671,"(671) San Antonio, TX"
672,"(672) San Juan, PR"
673,"(673) Tampa, FL"
674,"(674) Temple, TX"
675,"(675) Orlando, FL"
676,"(676) Tomah, WI"
678,(678) Southern Arizona HCS
679,"(679) Tuscaloosa, AL"
687,"(687) Walla Walla, WA"
688,"(688) Washington, DC"
689,"(689) VA Connecticut HCS, CT"
691,(691) Greater Los Angeles HCS
692,"(692) White City, OR"
693,"(693) Wilkes-Barre, PA"
695,"(695) Milwaukee, WI"
740,(740) VA Texas Valley Coastal Bend HCS
756,"(756) El Paso, TX"
757,"(757) Columbus, OH"
459GE,(459GE) Guam
528A5,"(528A5) Canandaigua, NY"
528A6,"(528A6) Bath, NY"
528A7,"(528A7) Syracuse, NY"
528A8,"(528A8) Albany, NY"
589A4,"(589A4) Columbia, MO"
589A5,"(589A5) Kansas City, MO"
589A6,"(589A6) Eastern KS HCS, KS"
589A7,"(589A7) Wichita, KS"
636A6,"(636A6) Central Iowa, IA"
636A8,"(636A8) Iowa City, IA"
657A4,"(657A4) Poplar Bluff, MO"
657A5,"(657A5) Marion, IL"
99,Data not collected
