Value,Text
1,Accomplished goals and/or obtained services and no longer needs CM
2,Transferred to another HUD/VASH program site
3,Found/chose other housing
4,Did not comply with HUD/VASH CM
5,Eviction and/or other housing related issues
6,Unhappy with HUD/VASH housing
7,No longer financially eligible for HUD/VASH voucher
8,No longer interested in participating in this program
9,Veteran cannot be located
10,Veteran too ill to participate at this time
11,Veteran is incarcerated
12,Veteran is deceased
13,Other
